xmin,xmax,ymin,ymax,zmin,zmax
3,4.027777778,2,3.027777778,1,2
4,5.027777778,2,3.027777778,1,2
5,6.027777778,2,3.027777778,1,2
6,7.027777778,2,3.027777778,1,2
7,8.027777778,2,3.027777778,1,2
8,9.027777778,2,3.027777778,1,2
9,10.02777778,2,3.027777778,1,2
10,11.02777778,2,3.027777778,1,2
11,12.02777778,2,3.027777778,1,2
1,2.027777778,3,4.027777778,1,2
2,3.027777778,3,4.027777778,1,2
3,4.027777778,3,4.027777778,1,2
4,5.027777778,3,4.027777778,1,2
5,6.027777778,3,4.027777778,1,2
6,7.027777778,3,4.027777778,1,2
7,8.027777778,3,4.027777778,1,2
8,9.027777778,3,4.027777778,1,2
9,10.02777778,3,4.027777778,1,2
10,11.02777778,3,4.027777778,1,2
11,12.02777778,3,4.027777778,1,2
12,13.02777778,3,4.027777778,1,2
13,14.02777778,3,4.027777778,1,2
1,2.027777778,4,5.027777778,1,2
2,3.027777778,4,5.027777778,1,2
3,4.027777778,4,5.027777778,1,2
4,5.027777778,4,5.027777778,1,2
5,6.027777778,4,5.027777778,1,2
6,7.027777778,4,5.027777778,1,2
7,8.027777778,4,5.027777778,1,2
8,9.027777778,4,5.027777778,1,2
9,10.02777778,4,5.027777778,1,2
10,11.02777778,4,5.027777778,1,2
11,12.02777778,4,5.027777778,1,2
12,13.02777778,4,5.027777778,1,2
13,14.02777778,4,5.027777778,1,2
1,2.027777778,5,6.027777778,1,2
2,3.027777778,5,6.027777778,1,2
3,4.027777778,5,6.027777778,1,2
4,5.027777778,5,6.027777778,1,2
5,6.027777778,5,6.027777778,1,2
6,7.027777778,5,6.027777778,1,2
7,8.027777778,5,6.027777778,1,2
8,9.027777778,5,6.027777778,1,2
9,10.02777778,5,6.027777778,1,2
10,11.02777778,5,6.027777778,1,2
11,12.02777778,5,6.027777778,1,2
12,13.02777778,5,6.027777778,1,2
13,14.02777778,5,6.027777778,1,2
14,15.02777778,5,6.027777778,1,2
1,2.027777778,6,7.027777778,1,2
2,3.027777778,6,7.027777778,1,2
3,4.027777778,6,7.027777778,1,2
4,5.027777778,6,7.027777778,1,2
5,6.027777778,6,7.027777778,1,2
6,7.027777778,6,7.027777778,1,2
7,8.027777778,6,7.027777778,1,2
8,9.027777778,6,7.027777778,1,2
9,10.02777778,6,7.027777778,1,2
10,11.02777778,6,7.027777778,1,2
11,12.02777778,6,7.027777778,1,2
12,13.02777778,6,7.027777778,1,2
13,14.02777778,6,7.027777778,1,2
1,2.027777778,7,8.027777778,1,2
2,3.027777778,7,8.027777778,1,2
3,4.027777778,7,8.027777778,1,2
4,5.027777778,7,8.027777778,1,2
5,6.027777778,7,8.027777778,1,2
6,7.027777778,7,8.027777778,1,2
7,8.027777778,7,8.027777778,1,2
8,9.027777778,7,8.027777778,1,2
9,10.02777778,7,8.027777778,1,2
10,11.02777778,7,8.027777778,1,2
11,12.02777778,7,8.027777778,1,2
12,13.02777778,7,8.027777778,1,2
13,14.02777778,7,8.027777778,1,2
3,4.027777778,8,9.027777778,1,2
4,5.027777778,8,9.027777778,1,2
5,6.027777778,8,9.027777778,1,2
6,7.027777778,8,9.027777778,1,2
7,8.027777778,8,9.027777778,1,2
8,9.027777778,8,9.027777778,1,2
9,10.02777778,8,9.027777778,1,2
10,11.02777778,8,9.027777778,1,2
11,12.02777778,8,9.027777778,1,2
8,9.027777778,1,2.027777778,2,3
9,10.02777778,1,2.027777778,2,3
10,11.02777778,1,2.027777778,2,3
1,2.027777778,2,3.027777778,2,3
2,3.027777778,2,3.027777778,2,3
3,4.027777778,2,3.027777778,2,3
4,5.027777778,2,3.027777778,2,3
5,6.027777778,2,3.027777778,2,3
6,7.027777778,2,3.027777778,2,3
7,8.027777778,2,3.027777778,2,3
8,9.027777778,2,3.027777778,2,3
9,10.02777778,2,3.027777778,2,3
10,11.02777778,2,3.027777778,2,3
11,12.02777778,2,3.027777778,2,3
12,13.02777778,2,3.027777778,2,3
1,2.027777778,3,4.027777778,2,3
2,3.027777778,3,4.027777778,2,3
3,4.027777778,3,4.027777778,2,3
11,12.02777778,3,4.027777778,2,3
12,13.02777778,3,4.027777778,2,3
13,14.02777778,3,4.027777778,2,3
14,15.02777778,3,4.027777778,2,3
1,2.027777778,4,5.027777778,2,3
13,14.02777778,4,5.027777778,2,3
14,15.02777778,4,5.027777778,2,3
1,2.027777778,5,6.027777778,2,3
2,3.027777778,5,6.027777778,2,3
13,14.02777778,5,6.027777778,2,3
14,15.02777778,5,6.027777778,2,3
15,16.02777778,5,6.027777778,2,3
1,2.027777778,6,7.027777778,2,3
13,14.02777778,6,7.027777778,2,3
14,15.02777778,6,7.027777778,2,3
1,2.027777778,7,8.027777778,2,3
2,3.027777778,7,8.027777778,2,3
3,4.027777778,7,8.027777778,2,3
11,12.02777778,7,8.027777778,2,3
12,13.02777778,7,8.027777778,2,3
13,14.02777778,7,8.027777778,2,3
14,15.02777778,7,8.027777778,2,3
1,2.027777778,8,9.027777778,2,3
2,3.027777778,8,9.027777778,2,3
3,4.027777778,8,9.027777778,2,3
4,5.027777778,8,9.027777778,2,3
5,6.027777778,8,9.027777778,2,3
6,7.027777778,8,9.027777778,2,3
7,8.027777778,8,9.027777778,2,3
8,9.027777778,8,9.027777778,2,3
9,10.02777778,8,9.027777778,2,3
10,11.02777778,8,9.027777778,2,3
11,12.02777778,8,9.027777778,2,3
12,13.02777778,8,9.027777778,2,3
4,5.027777778,1,2.027777778,3,4
5,6.027777778,1,2.027777778,3,4
6,7.027777778,1,2.027777778,3,4
7,8.027777778,1,2.027777778,3,4
8,9.027777778,1,2.027777778,3,4
9,10.02777778,1,2.027777778,3,4
10,11.02777778,1,2.027777778,3,4
11,12.02777778,1,2.027777778,3,4
12,13.02777778,1,2.027777778,3,4
1,2.027777778,2,3.027777778,3,4
2,3.027777778,2,3.027777778,3,4
3,4.027777778,2,3.027777778,3,4
4,5.027777778,2,3.027777778,3,4
5,6.027777778,2,3.027777778,3,4
6,7.027777778,2,3.027777778,3,4
7,8.027777778,2,3.027777778,3,4
8,9.027777778,2,3.027777778,3,4
9,10.02777778,2,3.027777778,3,4
10,11.02777778,2,3.027777778,3,4
11,12.02777778,2,3.027777778,3,4
12,13.02777778,2,3.027777778,3,4
13,14.02777778,2,3.027777778,3,4
14,15.02777778,2,3.027777778,3,4
1,2.027777778,3,4.027777778,3,4
2,3.027777778,3,4.027777778,3,4
3,4.027777778,3,4.027777778,3,4
4,5.027777778,3,4.027777778,3,4
5,6.027777778,3,4.027777778,3,4
6,7.027777778,3,4.027777778,3,4
7,8.027777778,3,4.027777778,3,4
8,9.027777778,3,4.027777778,3,4
9,10.02777778,3,4.027777778,3,4
10,11.02777778,3,4.027777778,3,4
11,12.02777778,3,4.027777778,3,4
12,13.02777778,3,4.027777778,3,4
13,14.02777778,3,4.027777778,3,4
14,15.02777778,3,4.027777778,3,4
15,16.02777778,3,4.027777778,3,4
1,2.027777778,4,5.027777778,3,4
2,3.027777778,4,5.027777778,3,4
3,4.027777778,4,5.027777778,3,4
4,5.027777778,4,5.027777778,3,4
5,6.027777778,4,5.027777778,3,4
6,7.027777778,4,5.027777778,3,4
7,8.027777778,4,5.027777778,3,4
8,9.027777778,4,5.027777778,3,4
9,10.02777778,4,5.027777778,3,4
10,11.02777778,4,5.027777778,3,4
11,12.02777778,4,5.027777778,3,4
14,15.02777778,4,5.027777778,3,4
15,16.02777778,4,5.027777778,3,4
1,2.027777778,5,6.027777778,3,4
2,3.027777778,5,6.027777778,3,4
3,4.027777778,5,6.027777778,3,4
4,5.027777778,5,6.027777778,3,4
5,6.027777778,5,6.027777778,3,4
6,7.027777778,5,6.027777778,3,4
7,8.027777778,5,6.027777778,3,4
8,9.027777778,5,6.027777778,3,4
9,10.02777778,5,6.027777778,3,4
10,11.02777778,5,6.027777778,3,4
11,12.02777778,5,6.027777778,3,4
14,15.02777778,5,6.027777778,3,4
15,16.02777778,5,6.027777778,3,4
16,17.02777778,5,6.027777778,3,4
1,2.027777778,6,7.027777778,3,4
2,3.027777778,6,7.027777778,3,4
3,4.027777778,6,7.027777778,3,4
4,5.027777778,6,7.027777778,3,4
5,6.027777778,6,7.027777778,3,4
6,7.027777778,6,7.027777778,3,4
7,8.027777778,6,7.027777778,3,4
8,9.027777778,6,7.027777778,3,4
9,10.02777778,6,7.027777778,3,4
10,11.02777778,6,7.027777778,3,4
11,12.02777778,6,7.027777778,3,4
14,15.02777778,6,7.027777778,3,4
15,16.02777778,6,7.027777778,3,4
1,2.027777778,7,8.027777778,3,4
2,3.027777778,7,8.027777778,3,4
3,4.027777778,7,8.027777778,3,4
4,5.027777778,7,8.027777778,3,4
5,6.027777778,7,8.027777778,3,4
6,7.027777778,7,8.027777778,3,4
7,8.027777778,7,8.027777778,3,4
8,9.027777778,7,8.027777778,3,4
9,10.02777778,7,8.027777778,3,4
10,11.02777778,7,8.027777778,3,4
11,12.02777778,7,8.027777778,3,4
12,13.02777778,7,8.027777778,3,4
13,14.02777778,7,8.027777778,3,4
14,15.02777778,7,8.027777778,3,4
15,16.02777778,7,8.027777778,3,4
1,2.027777778,8,9.027777778,3,4
2,3.027777778,8,9.027777778,3,4
3,4.027777778,8,9.027777778,3,4
4,5.027777778,8,9.027777778,3,4
5,6.027777778,8,9.027777778,3,4
6,7.027777778,8,9.027777778,3,4
7,8.027777778,8,9.027777778,3,4
8,9.027777778,8,9.027777778,3,4
9,10.02777778,8,9.027777778,3,4
10,11.02777778,8,9.027777778,3,4
11,12.02777778,8,9.027777778,3,4
12,13.02777778,8,9.027777778,3,4
13,14.02777778,8,9.027777778,3,4
14,15.02777778,8,9.027777778,3,4
3,4.027777778,1,2.027777778,4,5
4,5.027777778,1,2.027777778,4,5
5,6.027777778,1,2.027777778,4,5
6,7.027777778,1,2.027777778,4,5
7,8.027777778,1,2.027777778,4,5
8,9.027777778,1,2.027777778,4,5
9,10.02777778,1,2.027777778,4,5
10,11.02777778,1,2.027777778,4,5
11,12.02777778,1,2.027777778,4,5
12,13.02777778,1,2.027777778,4,5
13,14.02777778,1,2.027777778,4,5
1,2.027777778,2,3.027777778,4,5
2,3.027777778,2,3.027777778,4,5
3,4.027777778,2,3.027777778,4,5
4,5.027777778,2,3.027777778,4,5
5,6.027777778,2,3.027777778,4,5
6,7.027777778,2,3.027777778,4,5
7,8.027777778,2,3.027777778,4,5
8,9.027777778,2,3.027777778,4,5
9,10.02777778,2,3.027777778,4,5
10,11.02777778,2,3.027777778,4,5
11,12.02777778,2,3.027777778,4,5
12,13.02777778,2,3.027777778,4,5
13,14.02777778,2,3.027777778,4,5
14,15.02777778,2,3.027777778,4,5
1,2.027777778,3,4.027777778,4,5
4,5.027777778,3,4.027777778,4,5
5,6.027777778,3,4.027777778,4,5
6,7.027777778,3,4.027777778,4,5
7,8.027777778,3,4.027777778,4,5
8,9.027777778,3,4.027777778,4,5
10,11.02777778,3,4.027777778,4,5
11,12.02777778,3,4.027777778,4,5
14,15.02777778,3,4.027777778,4,5
15,16.02777778,3,4.027777778,4,5
1,2.027777778,4,5.027777778,4,5
4,5.027777778,4,5.027777778,4,5
5,6.027777778,4,5.027777778,4,5
6,7.027777778,4,5.027777778,4,5
7,8.027777778,4,5.027777778,4,5
8,9.027777778,4,5.027777778,4,5
11,12.02777778,4,5.027777778,4,5
15,16.02777778,4,5.027777778,4,5
16,17.02777778,4,5.027777778,4,5
1,2.027777778,5,6.027777778,4,5
2,3.027777778,5,6.027777778,4,5
4,5.027777778,5,6.027777778,4,5
6,7.027777778,5,6.027777778,4,5
7,8.027777778,5,6.027777778,4,5
11,12.02777778,5,6.027777778,4,5
15,16.02777778,5,6.027777778,4,5
16,17.02777778,5,6.027777778,4,5
1,2.027777778,6,7.027777778,4,5
4,5.027777778,6,7.027777778,4,5
5,6.027777778,6,7.027777778,4,5
6,7.027777778,6,7.027777778,4,5
7,8.027777778,6,7.027777778,4,5
8,9.027777778,6,7.027777778,4,5
11,12.02777778,6,7.027777778,4,5
15,16.02777778,6,7.027777778,4,5
16,17.02777778,6,7.027777778,4,5
1,2.027777778,7,8.027777778,4,5
4,5.027777778,7,8.027777778,4,5
5,6.027777778,7,8.027777778,4,5
6,7.027777778,7,8.027777778,4,5
7,8.027777778,7,8.027777778,4,5
8,9.027777778,7,8.027777778,4,5
10,11.02777778,7,8.027777778,4,5
11,12.02777778,7,8.027777778,4,5
14,15.02777778,7,8.027777778,4,5
15,16.02777778,7,8.027777778,4,5
1,2.027777778,8,9.027777778,4,5
2,3.027777778,8,9.027777778,4,5
3,4.027777778,8,9.027777778,4,5
4,5.027777778,8,9.027777778,4,5
5,6.027777778,8,9.027777778,4,5
6,7.027777778,8,9.027777778,4,5
7,8.027777778,8,9.027777778,4,5
8,9.027777778,8,9.027777778,4,5
9,10.02777778,8,9.027777778,4,5
10,11.02777778,8,9.027777778,4,5
11,12.02777778,8,9.027777778,4,5
12,13.02777778,8,9.027777778,4,5
13,14.02777778,8,9.027777778,4,5
14,15.02777778,8,9.027777778,4,5
7,8.027777778,1,2.027777778,5,6
8,9.027777778,1,2.027777778,5,6
9,10.02777778,1,2.027777778,5,6
10,11.02777778,1,2.027777778,5,6
11,12.02777778,1,2.027777778,5,6
12,13.02777778,1,2.027777778,5,6
13,14.02777778,1,2.027777778,5,6
11,12.02777778,2,3.027777778,5,6
12,13.02777778,2,3.027777778,5,6
13,14.02777778,2,3.027777778,5,6
14,15.02777778,2,3.027777778,5,6
15,16.02777778,2,3.027777778,5,6
4,5.027777778,3,4.027777778,5,6
5,6.027777778,3,4.027777778,5,6
6,7.027777778,3,4.027777778,5,6
7,8.027777778,3,4.027777778,5,6
8,9.027777778,3,4.027777778,5,6
10,11.02777778,3,4.027777778,5,6
11,12.02777778,3,4.027777778,5,6
12,13.02777778,3,4.027777778,5,6
14,15.02777778,3,4.027777778,5,6
15,16.02777778,3,4.027777778,5,6
16,17.02777778,3,4.027777778,5,6
1,2.027777778,4,5.027777778,5,6
4,5.027777778,4,5.027777778,5,6
5,6.027777778,4,5.027777778,5,6
6,7.027777778,4,5.027777778,5,6
7,8.027777778,4,5.027777778,5,6
11,12.02777778,4,5.027777778,5,6
12,13.02777778,4,5.027777778,5,6
15,16.02777778,4,5.027777778,5,6
16,17.02777778,4,5.027777778,5,6
1,2.027777778,5,6.027777778,5,6
2,3.027777778,5,6.027777778,5,6
4,5.027777778,5,6.027777778,5,6
6,7.027777778,5,6.027777778,5,6
7,8.027777778,5,6.027777778,5,6
11,12.02777778,5,6.027777778,5,6
12,13.02777778,5,6.027777778,5,6
16,17.02777778,5,6.027777778,5,6
1,2.027777778,6,7.027777778,5,6
4,5.027777778,6,7.027777778,5,6
5,6.027777778,6,7.027777778,5,6
6,7.027777778,6,7.027777778,5,6
7,8.027777778,6,7.027777778,5,6
11,12.02777778,6,7.027777778,5,6
12,13.02777778,6,7.027777778,5,6
15,16.02777778,6,7.027777778,5,6
16,17.02777778,6,7.027777778,5,6
4,5.027777778,7,8.027777778,5,6
5,6.027777778,7,8.027777778,5,6
6,7.027777778,7,8.027777778,5,6
7,8.027777778,7,8.027777778,5,6
8,9.027777778,7,8.027777778,5,6
10,11.02777778,7,8.027777778,5,6
11,12.02777778,7,8.027777778,5,6
12,13.02777778,7,8.027777778,5,6
14,15.02777778,7,8.027777778,5,6
15,16.02777778,7,8.027777778,5,6
16,17.02777778,7,8.027777778,5,6
11,12.02777778,8,9.027777778,5,6
12,13.02777778,8,9.027777778,5,6
13,14.02777778,8,9.027777778,5,6
14,15.02777778,8,9.027777778,5,6
15,16.02777778,8,9.027777778,5,6
7,8.027777778,8,9.027777778,5,6
8,9.027777778,8,9.027777778,5,6
9,10.02777778,8,9.027777778,5,6
10,11.02777778,8,9.027777778,5,6
10,11.02777778,1,2.027777778,6,7
11,12.02777778,1,2.027777778,6,7
12,13.02777778,1,2.027777778,6,7
13,14.02777778,1,2.027777778,6,7
14,15.02777778,1,2.027777778,6,7
12,13.02777778,2,3.027777778,6,7
13,14.02777778,2,3.027777778,6,7
14,15.02777778,2,3.027777778,6,7
15,16.02777778,2,3.027777778,6,7
4,5.027777778,3,4.027777778,6,7
5,6.027777778,3,4.027777778,6,7
6,7.027777778,3,4.027777778,6,7
7,8.027777778,3,4.027777778,6,7
8,9.027777778,3,4.027777778,6,7
10,11.02777778,3,4.027777778,6,7
11,12.02777778,3,4.027777778,6,7
12,13.02777778,3,4.027777778,6,7
13,14.02777778,3,4.027777778,6,7
14,15.02777778,3,4.027777778,6,7
15,16.02777778,3,4.027777778,6,7
16,17.02777778,3,4.027777778,6,7
4,5.027777778,4,5.027777778,6,7
5,6.027777778,4,5.027777778,6,7
6,7.027777778,4,5.027777778,6,7
7,8.027777778,4,5.027777778,6,7
11,12.02777778,4,5.027777778,6,7
12,13.02777778,4,5.027777778,6,7
13,14.02777778,4,5.027777778,6,7
14,15.02777778,4,5.027777778,6,7
15,16.02777778,4,5.027777778,6,7
16,17.02777778,4,5.027777778,6,7
4,5.027777778,5,6.027777778,6,7
6,7.027777778,5,6.027777778,6,7
7,8.027777778,5,6.027777778,6,7
11,12.02777778,5,6.027777778,6,7
12,13.02777778,5,6.027777778,6,7
13,14.02777778,5,6.027777778,6,7
14,15.02777778,5,6.027777778,6,7
15,16.02777778,5,6.027777778,6,7
16,17.02777778,5,6.027777778,6,7
4,5.027777778,6,7.027777778,6,7
5,6.027777778,6,7.027777778,6,7
6,7.027777778,6,7.027777778,6,7
7,8.027777778,6,7.027777778,6,7
11,12.02777778,6,7.027777778,6,7
12,13.02777778,6,7.027777778,6,7
13,14.02777778,6,7.027777778,6,7
14,15.02777778,6,7.027777778,6,7
15,16.02777778,6,7.027777778,6,7
16,17.02777778,6,7.027777778,6,7
4,5.027777778,7,8.027777778,6,7
5,6.027777778,7,8.027777778,6,7
6,7.027777778,7,8.027777778,6,7
7,8.027777778,7,8.027777778,6,7
8,9.027777778,7,8.027777778,6,7
10,11.02777778,7,8.027777778,6,7
11,12.02777778,7,8.027777778,6,7
12,13.02777778,7,8.027777778,6,7
13,14.02777778,7,8.027777778,6,7
14,15.02777778,7,8.027777778,6,7
15,16.02777778,7,8.027777778,6,7
16,17.02777778,7,8.027777778,6,7
12,13.02777778,8,9.027777778,6,7
13,14.02777778,8,9.027777778,6,7
14,15.02777778,8,9.027777778,6,7
15,16.02777778,8,9.027777778,6,7
10,11.02777778,8,9.027777778,6,7
11,12.02777778,8,9.027777778,6,7
11,12.02777778,1,2.027777778,7,8
12,13.02777778,1,2.027777778,7,8
13,14.02777778,1,2.027777778,7,8
14,15.02777778,1,2.027777778,7,8
12,13.02777778,2,3.027777778,7,8
13,14.02777778,2,3.027777778,7,8
14,15.02777778,2,3.027777778,7,8
15,16.02777778,2,3.027777778,7,8
7,8.027777778,3,4.027777778,7,8
8,9.027777778,3,4.027777778,7,8
10,11.02777778,3,4.027777778,7,8
11,12.02777778,3,4.027777778,7,8
12,13.02777778,3,4.027777778,7,8
14,15.02777778,3,4.027777778,7,8
15,16.02777778,3,4.027777778,7,8
16,17.02777778,3,4.027777778,7,8
7,8.027777778,4,5.027777778,7,8
11,12.02777778,4,5.027777778,7,8
12,13.02777778,4,5.027777778,7,8
15,16.02777778,4,5.027777778,7,8
16,17.02777778,4,5.027777778,7,8
7,8.027777778,5,6.027777778,7,8
11,12.02777778,5,6.027777778,7,8
12,13.02777778,5,6.027777778,7,8
15,16.02777778,5,6.027777778,7,8
16,17.02777778,5,6.027777778,7,8
7,8.027777778,6,7.027777778,7,8
11,12.02777778,6,7.027777778,7,8
12,13.02777778,6,7.027777778,7,8
15,16.02777778,6,7.027777778,7,8
16,17.02777778,6,7.027777778,7,8
7,8.027777778,7,8.027777778,7,8
8,9.027777778,7,8.027777778,7,8
10,11.02777778,7,8.027777778,7,8
11,12.02777778,7,8.027777778,7,8
12,13.02777778,7,8.027777778,7,8
14,15.02777778,7,8.027777778,7,8
15,16.02777778,7,8.027777778,7,8
16,17.02777778,7,8.027777778,7,8
12,13.02777778,8,9.027777778,7,8
13,14.02777778,8,9.027777778,7,8
14,15.02777778,8,9.027777778,7,8
15,16.02777778,8,9.027777778,7,8
11,12.02777778,8,9.027777778,7,8
11,12.02777778,1,2.027777778,8,9
12,13.02777778,1,2.027777778,8,9
13,14.02777778,1,2.027777778,8,9
14,15.02777778,1,2.027777778,8,9
12,13.02777778,2,3.027777778,8,9
13,14.02777778,2,3.027777778,8,9
14,15.02777778,2,3.027777778,8,9
15,16.02777778,2,3.027777778,8,9
16,17.02777778,2,3.027777778,8,9
7,8.027777778,3,4.027777778,8,9
8,9.027777778,3,4.027777778,8,9
10,11.02777778,3,4.027777778,8,9
11,12.02777778,3,4.027777778,8,9
12,13.02777778,3,4.027777778,8,9
14,15.02777778,3,4.027777778,8,9
15,16.02777778,3,4.027777778,8,9
16,17.02777778,3,4.027777778,8,9
7,8.027777778,4,5.027777778,8,9
11,12.02777778,4,5.027777778,8,9
12,13.02777778,4,5.027777778,8,9
16,17.02777778,4,5.027777778,8,9
7,8.027777778,5,6.027777778,8,9
11,12.02777778,5,6.027777778,8,9
12,13.02777778,5,6.027777778,8,9
16,17.02777778,5,6.027777778,8,9
7,8.027777778,6,7.027777778,8,9
11,12.02777778,6,7.027777778,8,9
12,13.02777778,6,7.027777778,8,9
16,17.02777778,6,7.027777778,8,9
7,8.027777778,7,8.027777778,8,9
8,9.027777778,7,8.027777778,8,9
10,11.02777778,7,8.027777778,8,9
11,12.02777778,7,8.027777778,8,9
12,13.02777778,7,8.027777778,8,9
14,15.02777778,7,8.027777778,8,9
15,16.02777778,7,8.027777778,8,9
16,17.02777778,7,8.027777778,8,9
12,13.02777778,8,9.027777778,8,9
13,14.02777778,8,9.027777778,8,9
14,15.02777778,8,9.027777778,8,9
15,16.02777778,8,9.027777778,8,9
16,17.02777778,8,9.027777778,8,9
11,12.02777778,8,9.027777778,8,9
11,12.02777778,2,3.027777778,9,10
14,15.02777778,2,3.027777778,9,10
15,16.02777778,2,3.027777778,9,10
16,17.02777778,2,3.027777778,9,10
7,8.027777778,3,4.027777778,9,10
8,9.027777778,3,4.027777778,9,10
11,12.02777778,3,4.027777778,9,10
12,13.02777778,3,4.027777778,9,10
14,15.02777778,3,4.027777778,9,10
15,16.02777778,3,4.027777778,9,10
16,17.02777778,3,4.027777778,9,10
7,8.027777778,4,5.027777778,9,10
11,12.02777778,4,5.027777778,9,10
12,13.02777778,4,5.027777778,9,10
16,17.02777778,4,5.027777778,9,10
11,12.02777778,5,6.027777778,9,10
12,13.02777778,5,6.027777778,9,10
16,17.02777778,5,6.027777778,9,10
7,8.027777778,6,7.027777778,9,10
11,12.02777778,6,7.027777778,9,10
12,13.02777778,6,7.027777778,9,10
16,17.02777778,6,7.027777778,9,10
7,8.027777778,7,8.027777778,9,10
8,9.027777778,7,8.027777778,9,10
11,12.02777778,7,8.027777778,9,10
12,13.02777778,7,8.027777778,9,10
14,15.02777778,7,8.027777778,9,10
15,16.02777778,7,8.027777778,9,10
16,17.02777778,7,8.027777778,9,10
11,12.02777778,8,9.027777778,9,10
14,15.02777778,8,9.027777778,9,10
15,16.02777778,8,9.027777778,9,10
16,17.02777778,8,9.027777778,9,10
11,12.02777778,2,3.027777778,10,11
12,13.02777778,2,3.027777778,10,11
7,8.027777778,3,4.027777778,10,11
8,9.027777778,3,4.027777778,10,11
10,11.02777778,3,4.027777778,10,11
11,12.02777778,3,4.027777778,10,11
12,13.02777778,3,4.027777778,10,11
7,8.027777778,4,5.027777778,10,11
16,17.02777778,4,5.027777778,10,11
16,17.02777778,5,6.027777778,10,11
7,8.027777778,6,7.027777778,10,11
16,17.02777778,6,7.027777778,10,11
7,8.027777778,7,8.027777778,10,11
8,9.027777778,7,8.027777778,10,11
10,11.02777778,7,8.027777778,10,11
11,12.02777778,7,8.027777778,10,11
12,13.02777778,7,8.027777778,10,11
11,12.02777778,8,9.027777778,10,11
12,13.02777778,8,9.027777778,10,11
10,11.02777778,2,3.027777778,11,12
11,12.02777778,2,3.027777778,11,12
12,13.02777778,2,3.027777778,11,12
7,8.027777778,3,4.027777778,11,12
8,9.027777778,3,4.027777778,11,12
9,10.02777778,3,4.027777778,11,12
10,11.02777778,3,4.027777778,11,12
11,12.02777778,3,4.027777778,11,12
12,13.02777778,3,4.027777778,11,12
13,14.02777778,3,4.027777778,11,12
7,8.027777778,4,5.027777778,11,12
7,8.027777778,5,6.027777778,11,12
7,8.027777778,6,7.027777778,11,12
7,8.027777778,7,8.027777778,11,12
8,9.027777778,7,8.027777778,11,12
9,10.02777778,7,8.027777778,11,12
10,11.02777778,7,8.027777778,11,12
11,12.02777778,7,8.027777778,11,12
12,13.02777778,7,8.027777778,11,12
13,14.02777778,7,8.027777778,11,12
10,11.02777778,8,9.027777778,11,12
11,12.02777778,8,9.027777778,11,12
12,13.02777778,8,9.027777778,11,12
7,8.027777778,2,3.027777778,12,13
8,9.027777778,2,3.027777778,12,13
9,10.02777778,2,3.027777778,12,13
11,12.02777778,2,3.027777778,12,13
12,13.02777778,2,3.027777778,12,13
6,7.027777778,3,4.027777778,12,13
7,8.027777778,3,4.027777778,12,13
8,9.027777778,3,4.027777778,12,13
9,10.02777778,3,4.027777778,12,13
10,11.02777778,3,4.027777778,12,13
11,12.02777778,3,4.027777778,12,13
12,13.02777778,3,4.027777778,12,13
13,14.02777778,3,4.027777778,12,13
6,7.027777778,4,5.027777778,12,13
7,8.027777778,4,5.027777778,12,13
12,13.02777778,4,5.027777778,12,13
13,14.02777778,4,5.027777778,12,13
6,7.027777778,5,6.027777778,12,13
7,8.027777778,5,6.027777778,12,13
12,13.02777778,5,6.027777778,12,13
13,14.02777778,5,6.027777778,12,13
6,7.027777778,6,7.027777778,12,13
7,8.027777778,6,7.027777778,12,13
12,13.02777778,6,7.027777778,12,13
13,14.02777778,6,7.027777778,12,13
6,7.027777778,7,8.027777778,12,13
7,8.027777778,7,8.027777778,12,13
8,9.027777778,7,8.027777778,12,13
9,10.02777778,7,8.027777778,12,13
10,11.02777778,7,8.027777778,12,13
11,12.02777778,7,8.027777778,12,13
12,13.02777778,7,8.027777778,12,13
13,14.02777778,7,8.027777778,12,13
7,8.027777778,8,9.027777778,12,13
8,9.027777778,8,9.027777778,12,13
9,10.02777778,8,9.027777778,12,13
11,12.02777778,8,9.027777778,12,13
12,13.02777778,8,9.027777778,12,13
7,8.027777778,2,3.027777778,13,14
8,9.027777778,2,3.027777778,13,14
9,10.02777778,2,3.027777778,13,14
10,11.02777778,2,3.027777778,13,14
11,12.02777778,2,3.027777778,13,14
12,13.02777778,2,3.027777778,13,14
13,14.02777778,2,3.027777778,13,14
6,7.027777778,3,4.027777778,13,14
7,8.027777778,3,4.027777778,13,14
8,9.027777778,3,4.027777778,13,14
9,10.02777778,3,4.027777778,13,14
10,11.02777778,3,4.027777778,13,14
11,12.02777778,3,4.027777778,13,14
12,13.02777778,3,4.027777778,13,14
13,14.02777778,3,4.027777778,13,14
6,7.027777778,4,5.027777778,13,14
7,8.027777778,4,5.027777778,13,14
8,9.027777778,4,5.027777778,13,14
9,10.02777778,4,5.027777778,13,14
10,11.02777778,4,5.027777778,13,14
11,12.02777778,4,5.027777778,13,14
12,13.02777778,4,5.027777778,13,14
13,14.02777778,4,5.027777778,13,14
6,7.027777778,5,6.027777778,13,14
7,8.027777778,5,6.027777778,13,14
8,9.027777778,5,6.027777778,13,14
9,10.02777778,5,6.027777778,13,14
10,11.02777778,5,6.027777778,13,14
11,12.02777778,5,6.027777778,13,14
12,13.02777778,5,6.027777778,13,14
13,14.02777778,5,6.027777778,13,14
6,7.027777778,6,7.027777778,13,14
7,8.027777778,6,7.027777778,13,14
8,9.027777778,6,7.027777778,13,14
9,10.02777778,6,7.027777778,13,14
10,11.02777778,6,7.027777778,13,14
11,12.02777778,6,7.027777778,13,14
12,13.02777778,6,7.027777778,13,14
13,14.02777778,6,7.027777778,13,14
6,7.027777778,7,8.027777778,13,14
7,8.027777778,7,8.027777778,13,14
8,9.027777778,7,8.027777778,13,14
9,10.02777778,7,8.027777778,13,14
10,11.02777778,7,8.027777778,13,14
11,12.02777778,7,8.027777778,13,14
12,13.02777778,7,8.027777778,13,14
13,14.02777778,7,8.027777778,13,14
7,8.027777778,8,9.027777778,13,14
8,9.027777778,8,9.027777778,13,14
9,10.02777778,8,9.027777778,13,14
10,11.02777778,8,9.027777778,13,14
11,12.02777778,8,9.027777778,13,14
12,13.02777778,8,9.027777778,13,14
13,14.02777778,8,9.027777778,13,14
9,10.02777778,2,3.027777778,14,15
10,11.02777778,2,3.027777778,14,15
11,12.02777778,2,3.027777778,14,15
12,13.02777778,2,3.027777778,14,15
13,14.02777778,2,3.027777778,14,15
9,10.02777778,3,4.027777778,14,15
10,11.02777778,3,4.027777778,14,15
11,12.02777778,3,4.027777778,14,15
12,13.02777778,3,4.027777778,14,15
13,14.02777778,3,4.027777778,14,15
7,8.027777778,4,5.027777778,14,15
8,9.027777778,4,5.027777778,14,15
9,10.02777778,4,5.027777778,14,15
10,11.02777778,4,5.027777778,14,15
11,12.02777778,4,5.027777778,14,15
12,13.02777778,4,5.027777778,14,15
13,14.02777778,4,5.027777778,14,15
7,8.027777778,5,6.027777778,14,15
8,9.027777778,5,6.027777778,14,15
9,10.02777778,5,6.027777778,14,15
10,11.02777778,5,6.027777778,14,15
11,12.02777778,5,6.027777778,14,15
12,13.02777778,5,6.027777778,14,15
13,14.02777778,5,6.027777778,14,15
7,8.027777778,6,7.027777778,14,15
8,9.027777778,6,7.027777778,14,15
9,10.02777778,6,7.027777778,14,15
10,11.02777778,6,7.027777778,14,15
11,12.02777778,6,7.027777778,14,15
12,13.02777778,6,7.027777778,14,15
13,14.02777778,6,7.027777778,14,15
9,10.02777778,7,8.027777778,14,15
10,11.02777778,7,8.027777778,14,15
11,12.02777778,7,8.027777778,14,15
12,13.02777778,7,8.027777778,14,15
13,14.02777778,7,8.027777778,14,15
9,10.02777778,8,9.027777778,14,15
10,11.02777778,8,9.027777778,14,15
11,12.02777778,8,9.027777778,14,15
12,13.02777778,8,9.027777778,14,15
13,14.02777778,8,9.027777778,14,15
7,8.027777778,4,5.027777778,15,16
8,9.027777778,4,5.027777778,15,16
7,8.027777778,5,6.027777778,15,16
8,9.027777778,5,6.027777778,15,16
9,10.02777778,5,6.027777778,15,16
7,8.027777778,6,7.027777778,15,16
8,9.027777778,6,7.027777778,15,16
